{
"AMPL":
{
  "0.9": [
    16.643401384353638,
    341.37749910354614,
    5.254025936126709,
    1801.8789019584656,
    143.1783790588379,
    6.381780385971069,
    18.131469011306763,
    385.5617673397064,
    5.554695129394531,
    1801.7600059509277,
    62.763938903808594,
    7.01198148727417,
    20.75559687614441,
    394.83095383644104,
    5.586259126663208,
    1801.5237476825714,
    186.89195108413696,
    6.586743354797363,
    17.632662296295166,
    518.2670605182648,
    5.258066415786743,
    1801.6475098133087,
    140.78285026550293,
    7.039844989776611
  ],
  "0.94": [
    16.50100040435791,
    341.67279601097107,
    5.696899890899658,
    1801.946429491043,
    145.93436551094055,
    6.222250699996948,
    18.594168186187744,
    360.3313765525818,
    5.555386066436768,
    1801.8497149944305,
    63.387927770614624,
    6.313785552978516,
    19.53260564804077,
    364.1388578414917,
    5.549256324768066,
    1801.4824631214142,
    183.71806001663208,
    7.1945202350616455,
    17.37163782119751,
    474.6592028141022,
    5.387823820114136,
    1802.3717024326324,
    139.1264955997467,
    7.038287162780762
  ],
  "0.95": [
    15.761102199554443,
    333.4219501018524,
    5.534375190734863,
    1801.9968965053558,
    147.60030603408813,
    7.118474245071411,
    18.945344924926758,
    361.7050497531891,
    5.515742778778076,
    1802.4672741889954,
    63.541234254837036,
    6.148478984832764,
    18.803573608398438,
    358.49126648902893,
    5.608327150344849,
    1801.4942202568054,
    190.40408968925476,
    6.633480548858643,
    18.654128313064575,
    484.05032563209534,
    5.198260307312012,
    1803.403681755066,
    144.49969100952148,
    6.863151550292969
  ],
  "0.96": [
    43.87997078895569,
    1182.9234178066254,
    5.756587028503418,
    1802.9814021587372,
    294.1114296913147,
    7.243850469589233,
    18.71817183494568,
    707.6539921760559,
    5.6488261222839355,
    1801.76407289505,
    170.39773154258728,
    6.194884300231934,
    17.793774604797363,
    1799.199481010437,
    5.383478164672852,
    1801.4358615875244,
    393.8838486671448,
    6.3375403881073,
    53.48927545547485,
    1801.3163015842438,
    5.209610939025879,
    1802.597901582718,
    391.3243055343628,
    6.867703676223755
  ],
  "0.97": [
    12.859362840652466,
    322.5851581096649,
    5.672846555709839,
    1802.3279898166656,
    57.107588052749634,
    7.203044652938843,
    16.49768090248108,
    161.90497827529907,
    5.098328590393066,
    1476.3010275363922,
    15.629899263381958,
    6.672629356384277,
    16.611844062805176,
    1800.8881759643555,
    5.205136299133301,
    1802.356803894043,
    110.1639838218689,
    5.740802049636841,
    27.222538471221924,
    1231.2016146183014,
    5.239145040512085,
    1802.267203092575,
    97.79544138908386,
    6.901473045349121
  ],
  "0.98": [
    6.9055962562561035,
    7.165787696838379,
    5.651596546173096,
    8.59841012954712,
    7.060728549957275,
    6.731635808944702,
    8.161739826202393,
    7.319119691848755,
    4.869389772415161,
    8.450813055038452,
    7.493899583816528,
    7.063754081726074,
    7.849127292633057,
    7.045501947402954,
    5.153790473937988,
    7.968859434127808,
    7.434579849243164,
    6.023565053939819,
    8.657509803771973,
    7.072154760360718,
    5.165247917175293,
    9.941859483718872,
    7.504998683929443,
    6.366968631744385
  ],
  "0.99": [
    0.8046019077301025,
    1.0569736957550049,
    0.544611930847168,
    1.7541334629058838,
    1.2452130317687988,
    0.5667526721954346,
    1.1571540832519531,
    1.1017882823944092,
    0.49936890602111816,
    1.706636905670166,
    1.2378883361816406,
    0.559685230255127,
    1.1003341674804688,
    0.989882230758667,
    0.5151395797729492,
    1.4159672260284424,
    1.0959291458129883,
    0.5358622074127197,
    1.0889348983764648,
    0.9970011711120605,
    0.5092363357543945,
    2.250033140182495,
    1.158825159072876,
    0.5321166515350342
  ],
  "0.999": [
    0.8675851821899414,
    1.2196376323699951,
    0.5467972755432129,
    1.7305121421813965,
    1.246948480606079,
    0.5688059329986572,
    1.1962733268737793,
    1.036698818206787,
    0.5075247287750244,
    1.75413179397583,
    1.1258211135864258,
    0.5664076805114746,
    0.9889979362487793,
    1.0257508754730225,
    0.5040569305419922,
    1.5703246593475342,
    1.1365993022918701,
    0.5406081676483154,
    1.1963565349578857,
    1.0231726169586182,
    0.5167505741119385,
    2.36023211479187,
    1.066220998764038,
    0.5734882354736328
  ]
}
,"impr-1":
{
  "0.9": [
    0.45616912841796875,
    1200.1269171237946,
    0.009059906005859375,
    1200.7518889904022,
    1.4636695384979248,
    0.008626937866210938,
    0.43976569175720215,
    781.301700592041,
    0.009537458419799805,
    1200.4264981746674,
    1.2697689533233643,
    0.00941610336303711,
    0.44158005714416504,
    1200.2645194530487,
    0.009169340133666992,
    401.14501786231995,
    1.5963940620422363,
    0.008827924728393555,
    0.44425487518310547,
    1200.0684967041016,
    0.008907794952392578,
    1200.122708082199,
    1.3467798233032227,
    0.009041309356689453
  ],
  "0.94": [
    0.45366406440734863,
    1200.297289133072,
    0.00892186164855957,
    1200.110951423645,
    1.4661023616790771,
    0.008547544479370117,
    0.44217681884765625,
    780.271378993988,
    0.009419679641723633,
    1200.3937547206879,
    1.2601778507232666,
    0.009105205535888672,
    0.4418299198150635,
    1200.0721139907837,
    0.008778095245361328,
    398.92220973968506,
    1.5865168571472168,
    0.008603572845458984,
    0.4416933059692383,
    1200.1230311393738,
    0.008685588836669922,
    1200.0949749946594,
    1.342695713043213,
    0.00886082649230957
  ],
  "0.95": [
    0.4503152370452881,
    1200.4769694805145,
    0.008716106414794922,
    1200.183078289032,
    1.4557216167449951,
    0.008777618408203125,
    0.43945765495300293,
    772.4997525215149,
    0.009604692459106445,
    1200.328549861908,
    1.2526490688323975,
    0.009058713912963867,
    0.4371497631072998,
    1200.2508571147919,
    0.00887155532836914,
    400.1715142726898,
    1.5717005729675293,
    0.008572816848754883,
    0.4368464946746826,
    1200.3400661945343,
    0.008788585662841797,
    1201.1426861286163,
    1.3194499015808105,
    0.008630990982055664
  ],
  "0.96": [
    0.4209420680999756,
    490.34906935691833,
    0.008524656295776367,
    1200.2790400981903,
    1.4021449089050293,
    0.008501529693603516,
    0.41475749015808105,
    736.0436961650848,
    0.009113073348999023,
    1200.2041957378387,
    1.2095959186553955,
    0.009127378463745117,
    0.4162719249725342,
    1200.5245773792267,
    0.008637666702270508,
    379.7524764537811,
    1.5026946067810059,
    0.00845956802368164,
    0.41887545585632324,
    1200.3975019454956,
    0.00897979736328125,
    1200.8383457660675,
    1.279390811920166,
    0.00858759880065918
  ],
  "0.97": [
    0.3893153667449951,
    458.2603259086609,
    0.00857234001159668,
    1200.3660385608673,
    1.3230595588684082,
    0.00835561752319336,
    0.38896846771240234,
    689.1670386791229,
    0.008881807327270508,
    1200.5244789123535,
    1.1312992572784424,
    0.00871729850769043,
    0.3861844539642334,
    109.39969825744629,
    0.008491039276123047,
    341.4458878040314,
    1.4199261665344238,
    0.008303642272949219,
    0.38547205924987793,
    1200.190580368042,
    0.008913993835449219,
    601.7670776844025,
    1.1992602348327637,
    0.008581161499023438
  ],