{
"AMPL":
{
  "10": [
    4.542513847351074,
    3.46400785446167,
    4.593203544616699,
    15.86547565460205,
    3.9329826831817627,
    5.208686590194702,
    5.547109842300415,
    10.044912576675415,
    13.75370168685913,
    7.444807529449463,
    4.651703834533691,
    12.201417446136475,
    11.93753170967102,
    7.2622904777526855
  ],
  "20": [
    82.44874596595764,
    78.90765452384949,
    83.64876198768616,
    115.09031343460083,
    51.424062967300415,
    60.10805797576904,
    71.4115195274353,
    114.3582866191864,
    102.91304516792297,
    78.78438901901245,
    75.35240316390991,
    123.84709239006042,
    119.06211042404175,
    83.28558444976807
  ],
  "30": [
    321.69296884536743,
    322.2356412410736,
    269.0143699645996,
    461.8402268886566,
    230.4805784225464,
    340.43115043640137,
    270.54574966430664,
    413.8016574382782,
    407.85199189186096,
    333.26891255378723,
    348.70446276664734,
    433.1609060764313,
    372.2689039707184,
    354.31791949272156
  ],
  "40": [
    826.4022283554077,
    741.6133844852448,
    677.1519746780396,
    1020.3528146743774,
    654.3983964920044,
    762.9982860088348,
    697.58780169487,
    871.3867928981781,
    833.8726382255554,
    773.1531729698181,
    881.1157150268555,
    893.9459042549133,
    817.9592335224152,
    754.8219902515411
  ],
  "50": [
    1467.3696796894073,
    1484.571269273758,
    1048.593640089035,
    1701.0094528198242,
    1360.8229668140411,
    1460.984230041504,
    1465.1316242218018,
    1648.5352749824524,
    1663.1947219371796,
    1506.1268153190613,
    1597.0426528453827,
    1593.956390619278,
    1689.564154624939,
    1393.385146856308
  ],
  "60": [
    1818.0574073791504,
    1818.0441074371338,
    1773.9648633003235,
    1819.4010989665985,
    1817.8560478687286,
    1817.936755180359,
    1817.3872702121735,
    1818.8397147655487,
    1819.150002002716,
    1818.5092318058014,
    1818.6251482963562,
    1819.6501832008362,
    1821.7153124809265,
    1817.8922429084778
  ],
  "70": [
    1823.8553094863892,
    1824.8001637458801,
    1825.031744480133,
    1825.9911236763,
    1824.1147236824036,
    1824.447369813919,
    1824.465507030487,
    1825.9165182113647,
    1825.6895520687103,
    1825.1985065937042,
    1824.9765131473541,
    1825.9043323993683,
    1825.3656923770905,
    1825.076020002365
  ],
  "80": [
    1831.5991787910461,
    1831.7309958934784,
    1831.9455587863922,
    1833.6637156009674,
    1830.9088668823242,
    1832.229569196701,
    1831.6264481544495,
    1833.5103085041046,
    1833.6450011730194,
    1832.557314157486,
    1832.1336731910706,
    1833.6481478214264,
    1832.3562569618225,
    1831.868560552597
  ],
  "90": [
    1840.2519981861115,
    1841.1257817745209,
    1849.0916948318481,
    1842.0148632526398,
    1840.268149614334,
    1843.000491142273,
    1863.7563841342926,
    1839.6015965938568,
    1842.0034959316254,
    1841.0372586250305,
    1840.643693447113
  ],
  "100": [
    1853.123259305954,
    1870.0211112499237
  ],
  "110": [],
  "120": [
    1873.3485598564148
  ]
}
,"FMC":
{
  "10": [
    6.768334865570068,
    6.774776220321655,
    6.777925252914429,
    6.770317316055298,
    6.757249355316162,
    6.726941108703613,
    6.82214879989624,
    6.742040395736694,
    6.744138240814209,
    6.752108812332153,
    6.744200229644775,
    6.7353386878967285,
    6.7549889087677,
    6.729723691940308
  ],
  "20": [
    6.918776512145996,
    6.840697765350342,
    6.932842969894409,
    6.792467832565308,
    6.771774768829346,
    6.830632448196411,
    6.841708421707153,
    6.818058252334595,
    6.812822341918945,
    6.85718297958374,
    6.788654565811157,
    6.78546142578125,
    6.770887613296509,
    6.852271795272827
  ],
  "30": [
    6.863523721694946,
    6.846412420272827,
    6.819403171539307,
    6.775660753250122,
    6.814894676208496,
    6.935222387313843,
    6.84902286529541,
    6.819077968597412,
    6.874181509017944,
    6.831806898117065,
    6.818817377090454,
    6.881001234054565,
    6.821167469024658,
    6.866317510604858
  ],
  "40": [
    6.879456281661987,
    6.8404223918914795,
    6.838276386260986,
    6.814268112182617,
    6.788161039352417,
    6.902668237686157,
    6.815298080444336,
    6.863590240478516,
    6.867170572280884,
    6.838459730148315,
    6.846806526184082,
    6.854169845581055,
    6.807269096374512,
    6.845501899719238
  ],
  "50": [
    6.857748746871948,
    6.860294342041016,
    6.86640477180481,
    6.864933729171753,
    6.89333438873291,
    6.844240665435791,
    6.852412462234497,
    6.85487174987793,
    6.834320783615112,
    6.851949453353882,
    6.938422203063965,
    6.89787483215332,
    6.897448539733887,
    6.89409875869751
  ],
  "60": [
    6.8917176723480225,
    6.883948564529419,
    6.871282339096069,
    6.8505377769470215,
    6.859889030456543,
    6.9778151512146,
    6.83487868309021,
    6.893694162368774,
    6.85467529296875,
    6.882718563079834,
    6.880815505981445,
    6.885843515396118,
    6.838212966918945,
    6.849308013916016
  ],
  "70": [
    6.911325931549072,
    6.860469102859497,
    6.880009174346924,
    6.9425048828125,
    6.94756293296814,
    6.901434421539307,
    6.898254156112671,
    6.869812965393066,
    6.917242765426636,
    6.904630422592163,
    10.285961866378784,
    6.92160177230835,
    15.84597396850586,
    6.951821804046631
  ],
  "80": [
    6.971741199493408,
    6.8993096351623535,
    6.936361312866211,
    6.9075927734375,
    6.941893100738525,
    6.903538703918457,
    6.899935245513916,
    6.886936187744141,
    6.9146037101745605,
    6.9763171672821045,
    6.947400808334351,
    7.000532865524292,
    7.104758262634277,
    7.0231733322143555
  ],
  "90": [
    7.079951763153076,
    6.992169380187988,
    6.991915464401245,
    7.044071912765503,
    7.038632869720459,
    7.02398943901062,
    7.033788681030273,
    6.955625534057617,
    6.983942031860352,
    7.067506790161133,
    7.058470964431763,
    7.053286552429199,
    7.102775573730469,
    6.9686408042907715
  ],
  "100": [
    7.025666236877441,
    7.1640684604644775,
    7.071240186691284,
    7.018765687942505,
    7.031508684158325,
    7.0024144649505615,
    7.002686262130737,
    7.022312879562378,
    6.987927436828613,
    7.1029157638549805,
    7.0776894092559814,
    6.973084211349487,
    7.0309271812438965,
    6.997572660446167
  ],
  "110": [
    7.47944188117981,
    7.072293519973755,
    7.107805490493774,
    7.034988164901733,
    7.1290442943573,
    7.07531213760376,
    7.026406526565552,
    7.020436763763428,
    7.08551287651062,
    7.104710578918457,
    7.142305135726929,
    7.047265291213989,
    7.13391375541687,
    6.977736711502075
  ],
  "120": [
    7.12707781791687,
    7.088377237319946,
    7.086136102676392,
    7.083467245101929,
    7.14850640296936,
    7.02968430519104,
    7.147623538970947,
    7.074608325958252,
    7.0866475105285645,
    7.176447868347168,
    7.091534852981567,
    7.115090608596802,
    7.154201984405518,
    7.021728277206421
  ]
}
,"impr-1":
{
  "10": [
    0.009201526641845703,
    0.009320974349975586,
    0.009004831314086914,
    0.01325845718383789,
    0.00891566276550293,
    0.008551836013793945,
    0.008646011352539062,
    0.013288497924804688,
    0.013370752334594727,
    0.013121604919433594,
    0.008945941925048828,
    0.01312875747680664,
    0.013214588165283203,
    0.008475780487060547
  ],
  "20": [
    0.013427495956420898,
    0.013784170150756836,
    0.008462667465209961,
    0.013732671737670898,
    0.009273529052734375,
    0.009127616882324219,
    0.008766889572143555,
    0.013540029525756836,
    0.014118671417236328,
    0.013281822204589844,
    0.013245105743408203,
    0.013548851013183594,
    0.013654232025146484,
    0.008570194244384766
  ],