{
"AMPL-battery_th-72%":
{
  "0": [
    207.49352,
    213.0512,
    204.40591999999998,
    206.876,
    203.7884,
    209.9636,
    210.58112,
    209.96359999999999,
    201.31832,
    209.34608,
    206.25848,
    201.31832,
    203.7884,
    211.19864
  ],
  "8": [
    252.07945999999998,
    264.00656,
    210.77534,
    254.64664999999997,
    232.45078999999998,
    232.25657,
    242.42821999999998,
    257.73425,
    252.27367999999996,
    250.74731,
    250.84441999999999,
    245.90426,
    245.18962999999997,
    258.96929
  ],
  "16": [
    252.07945999999998,
    299.03837,
    210.77534,
    292.86316999999997,
    232.45078999999998,
    232.25657,
    242.42821999999998,
    311.87432,
    290.49019999999996,
    250.74731,
    250.84441999999999,
    274.56665,
    292.96027999999995,
    258.96929
  ],
  "18": [
    252.07945999999998,
    299.03837,
    210.77534,
    311.97143,
    232.45078999999998,
    232.25657,
    242.42821999999998,
    290.49019999999996,
    250.74731,
    250.84441999999999,
    284.12077999999997,
    292.96027999999995,
    258.96929
  ],
  "20": [
    252.07945999999998,
    299.03837,
    210.77534,
    334.2644,
    232.45078999999998,
    232.25657,
    242.42821999999998,
    290.49019999999996,
    250.74731,
    250.84441999999999,
    284.12077999999997,
    292.96027999999995,
    258.96929
  ],
  "22": [
    252.07945999999998,
    299.03837,
    210.77534,
    232.45078999999998,
    232.25657,
    242.42821999999998,
    290.49019999999996,
    250.74731,
    250.84441999999999,
    284.12077999999997,
    292.96027999999995,
    258.96929
  ],
  "24": [
    252.07945999999998,
    299.03837,
    210.77534,
    232.45078999999998,
    232.25657,
    242.42821999999998,
    290.49019999999996,
    250.74731,
    250.84441999999999,
    284.12077999999997,
    292.96027999999995,
    258.96929
  ],
  "26": [
    252.07945999999998,
    299.03837,
    210.77534,
    232.45078999999998,
    232.25657,
    242.42821999999998,
    290.49019999999996,
    250.74731,
    250.84441999999999,
    284.12077999999997,
    292.96027999999995,
    258.96929
  ]
}
,"impr-1-battery_th-72%":
{
  "0": [
    295.49352,
    301.0512,
    292.40592,
    294.876,
    291.7884,
    297.9636,
    298.58112,
    297.9636,
    289.31831999999997,
    297.34608000000003,
    294.25848,
    289.31831999999997,
    291.7884,
    299.19864
  ],
  "8": [
    340.07946,
    352.00656,
    210.77534,
    342.64664999999997,
    232.45078999999998,
    232.25657,
    242.42821999999998,
    345.73425,
    340.27367999999996,
    250.74731,
    250.84441999999999,
    333.90426,
    333.18962999999997,
    258.96929
  ],
  "16": [
    252.07945999999998,
    299.03837,
    210.77534,
    380.86316999999997,
    232.45078999999998,
    232.25657,
    242.42821999999998,
    399.87432,
    290.49019999999996,
    250.74731,
    250.84441999999999,
    362.56665,
    292.96027999999995,
    258.96929
  ],
  "18": [
    252.07945999999998,
    299.03837,
    210.77534,
    399.97143,
    232.45078999999998,
    232.25657,
    242.42821999999998,
    290.49019999999996,
    250.74731,
    250.84441999999999,
    284.12077999999997,
    292.96027999999995,
    258.96929
  ],
  "20": [
    252.07945999999998,
    299.03837,
    210.77534,
    232.45078999999998,
    232.25657,
    242.42821999999998,
    290.49019999999996,
    250.74731,
    250.84441999999999,
    284.12077999999997,
    292.96027999999995,
    258.96929
  ],
  "22": [
    252.07945999999998,
    299.03837,
    210.77534,
    232.45078999999998,
    232.25657,
    242.42821999999998,
    290.49019999999996,
    250.74731,
    250.84441999999999,
    284.12077999999997,
    292.96027999999995,
    258.96929
  ],
  "24": [
    252.07945999999998,
    299.03837,
    210.77534,
    232.45078999999998,
    232.25657,
    242.42821999999998,
    290.49019999999996,
    250.74731,
    250.84441999999999,
    284.12077999999997,
    292.96027999999995,
    258.96929
  ],
  "26": [
    252.07945999999998,
    299.03837,
    210.77534,
    232.45078999999998,
    232.25657,
    242.42821999999998,
    290.49019999999996,
    250.74731,
    250.84441999999999,
    284.12077999999997,
    292.96027999999995,
    258.96929
  ]
}
,"FMC":
{
  "0": [
    339.60221,
    357.36836000000005,
    331.16858,
    338.44435999999996,
    330.10867,
    349.03267000000005,
    348.62348,
    344.62537,
    329.78663,
    345.42632,
    339.93089,
    330.57015,
    330.79425000000003,
    354.18863
  ],
  "8": [
    357.13347,
    393.60615999999993,
    342.03992,
    372.23366000000004,
    348.12963,
    368.13097000000005,
    369.19088,
    379.88377,
    349.37463,
    374.31861999999995,
    364.31795,
    357.60159,
    364.87737000000004,
    376.12719000000004
  ],
  "16": [
    357.13347,
    393.60615999999993,
    342.03992,
    388.29581999999994,
    348.12963,
    368.13097000000005,
    369.19088,
    379.1002500000001,
    349.37463,
    374.31861999999995,
    364.31795,
    365.14297,
    376.33635000000004,
    376.12719000000004
  ],
  "18": [
    357.13347,
    393.60615999999993,
    342.03992,
    388.29581999999994,
    348.12963,
    368.13097000000005,
    369.19088,
    379.1002500000001,
    349.37463,
    374.31861999999995,
    364.31795,
    365.14297,
    376.33635000000004,
    376.12719000000004
  ],
  "20": [
    357.13347,
    393.60615999999993,
    342.03992,
    388.29581999999994,
    348.12963,
    368.13097000000005,
    369.19088,
    379.1002500000001,
    349.37463,
    374.31861999999995,
    364.31795,
    365.14297,
    376.33635000000004,
    376.12719000000004
  ],
  "22": [
    357.13347,
    393.60615999999993,
    342.03992,
    388.29581999999994,
    348.12963,
    368.13097000000005,
    369.19088,
    379.1002500000001,
    349.37463,
    374.31861999999995,
    364.31795,
    365.14297,
    376.33635000000004,
    376.12719000000004
  ],
  "24": [
    357.13347,
    393.60615999999993,
    342.03992,
    388.29581999999994,
    348.12963,
    368.13097000000005,
    369.19088,
    379.1002500000001,
    349.37463,
    374.31861999999995,
    364.31795,
    365.14297,
    376.33635000000004,
    376.12719000000004
  ],
  "26": [
    357.13347,
    393.60615999999993,
    342.03992,
    388.29581999999994,
    348.12963,
    368.13097000000005,
    369.19088,
    379.1002500000001,
    349.37463,
    374.31861999999995,
    364.31795,
    365.14297,
    376.33635000000004,
    376.12719000000004
  ]
}
,"ampl-cost-battery_th-0.75%":
{
  "0": [
    207.49352,
    213.0512,
    204.40591999999998,
    206.876,
    203.7884,
    209.9636,
    210.58112,
    209.96359999999999,
    201.31832,
    209.34608,
    206.25848,
    201.31832,
    203.7884,
    211.19864
  ],
  "8": [
    210.77534,
    250.84441999999999,
    258.96929
  ],
  "16": [
    210.77534,
    250.84441999999999,
    258.96929
  ],
  "18": [
    210.77534,
    250.84441999999999,
    258.96929
  ],
  "20": [
    210.77534,
    250.84441999999999,
    258.96929
  ],
  "22": [
    210.77534,
    250.84441999999999,
    258.96929
  ],
  "24": [
    210.77534,
    250.84441999999999,
    258.96929
  ],
  "26": [
    210.77534,
    250.84441999999999,
    258.96929
  ]
}
,"impr-1-battery_th-0.75%":
{
  "0": [
    295.49352,
    301.0512,
    292.40592,
    294.876,
    291.7884,
    297.9636,
    298.58112,
    297.9636,
    289.31831999999997,
    297.34608000000003,
    294.25848,
    289.31831999999997,
    291.7884,
    299.19864
  ],
  "8": [
    210.77534,
    250.84441999999999,
    258.96929
  ],
  "16": [
    210.77534,
    250.84441999999999,
    258.96929
  ],
  "18": [
    210.77534,
    250.84441999999999,
    258.96929
  ],
  "20": [
    210.77534,
    250.84441999999999,
    258.96929
  ],
  "22": [
    210.77534,
    250.84441999999999,
    258.96929
  ],
  "24": [
    210.77534,
    250.84441999999999,
    258.96929
  ],