{

"AMPL":
{
  "0.9": [
    320.93557,
    290.45664999999997,
    220.44695000000002,
    281.5994,
    210.35218,
    320.93557,
    290.45664999999997,
    220.44695000000002,
    281.5994,
    210.35218,
    320.93557,
    290.45664999999997,
    220.44695000000002,
    281.5994,
    210.35218,
    320.93557,
    290.45664999999997,
    220.44695000000002,
    281.5994,
    210.35218
  ],
  "0.94": [
    320.93557,
    290.45664999999997,
    220.44695000000002,
    281.5994,
    210.35218,
    320.93557,
    290.45664999999997,
    220.44695000000002,
    281.5994,
    210.35218,
    320.93557,
    290.45664999999997,
    220.44695000000002,
    281.5994,
    210.35218,
    320.93557,
    290.45664999999997,
    220.44695000000002,
    281.5994,
    210.35218
  ],
  "0.95": [
    320.93557,
    290.45664999999997,
    220.44695000000002,
    281.5994,
    210.35218,
    320.93557,
    290.45664999999997,
    220.44695000000002,
    281.5994,
    210.35218,
    320.93557,
    290.45664999999997,
    220.44695000000002,
    281.5994,
    210.35218,
    320.93557,
    290.45664999999997,
    220.44695000000002,
    281.5994,
    210.35218
  ],
  "0.96": [
    403.43557,
    372.95664999999997,
    302.94695,
    364.0994,
    292.85218,
    403.43557,
    372.95664999999997,
    302.94695,
    364.0994,
    292.85218,
    403.43557,
    372.95664999999997,
    302.94695,
    364.0994,
    292.85218,
    403.43557,
    302.94695,
    364.0994,
    292.85218
  ],
  "0.97": [
    403.43557,
    372.95664999999997,
    302.94695,
    364.0994,
    292.85218,
    403.43557,
    372.95664999999997,
    302.94695,
    378.29595,
    364.0994,
    292.85218,
    403.43557,
    302.94695,
    364.0994,
    292.85218,
    403.43557,
    372.95664999999997,
    302.94695,
    364.0994,
    292.85218
  ],
  "0.98": [
    403.43557,
    372.95664999999997,
    302.94695,
    378.29595,
    364.0994,
    292.85218,
    403.43557,
    372.95664999999997,
    302.94695,
    378.29595,
    364.0994,
    292.85218,
    403.43557,
    372.95664999999997,
    302.94695,
    378.29595,
    364.0994,
    292.85218,
    403.43557,
    372.95664999999997,
    302.94695,
    378.29595,
    364.0994,
    292.85218
  ],
  "0.99": []
}
,"impr-1":
{
  "0.9": [
    320.93557,
    220.44695000000002,
    281.5994,
    210.35218,
    320.93557,
    290.45664999999997,
    220.44695000000002,
    281.5994,
    210.35218,
    320.93557,
    220.44695000000002,
    281.5994,
    210.35218,
    320.93557,
    220.44695000000002,
    281.5994,
    210.35218
  ],
  "0.94": [
    320.93557,
    220.44695000000002,
    281.5994,
    210.35218,
    320.93557,
    290.45664999999997,
    220.44695000000002,
    281.5994,
    210.35218,
    320.93557,
    220.44695000000002,
    281.5994,
    210.35218,
    320.93557,
    220.44695000000002,
    281.5994,
    210.35218
  ],
  "0.95": [
    320.93557,
    220.44695000000002,
    281.5994,
    210.35218,
    320.93557,
    290.45664999999997,
    220.44695000000002,
    281.5994,
    210.35218,
    320.93557,
    220.44695000000002,
    281.5994,
    210.35218,
    320.93557,
    220.44695000000002,
    281.5994,
    210.35218
  ],
  "0.96": [
    403.43557,
    372.95664999999997,
    302.94695,
    364.0994,
    292.85218,
    403.43557,
    372.95664999999997,
    302.94695,
    364.0994,
    292.85218,
    403.43557,
    302.94695,
    364.0994,
    292.85218,
    403.43557,
    302.94695,
    364.0994,
    292.85218
  ],
  "0.97": [
    403.43557,
    372.95664999999997,
    302.94695,
    364.0994,
    292.85218,
    403.43557,
    372.95664999999997,
    302.94695,
    364.0994,
    292.85218,
    403.43557,
    302.94695,
    364.0994,
    292.85218,
    403.43557,
    302.94695,
    364.0994,
    292.85218
  ],
  "0.98": [
    403.43557,
    372.95664999999997,
    302.94695,
    364.0994,
    292.85218,
    403.43557,
    372.95664999999997,
    302.94695,
    364.0994,
    292.85218,
    403.43557,
    372.95664999999997,
    302.94695,
    364.0994,
    292.85218,
    403.43557,
    372.95664999999997,
    302.94695,
    364.0994,
    292.85218
  ],
  "0.99": []
}
,"impr-2":
{
  "0.9": [
    320.93557,
    220.44695000000002,
    281.5994,
    210.35218,
    320.93557,
    220.44695000000002,
    281.5994,
    210.35218,
    320.93557,
    220.44695000000002,
    281.5994,
    210.35218,
    320.93557,
    220.44695000000002,
    281.5994,
    210.35218
  ],
  "0.94": [
    320.93557,
    220.44695000000002,
    281.5994,
    210.35218,
    320.93557,
    220.44695000000002,
    281.5994,
    210.35218,
    320.93557,
    220.44695000000002,
    281.5994,
    210.35218,
    320.93557,
    220.44695000000002,
    281.5994,
    210.35218
  ],
  "0.95": [
    320.93557,
    220.44695000000002,
    281.5994,
    210.35218,
    320.93557,
    220.44695000000002,
    281.5994,
    210.35218,
    320.93557,
    220.44695000000002,
    281.5994,
    210.35218,
    320.93557,
    220.44695000000002,
    281.5994,
    210.35218
  ],
  "0.96": [
    403.43557,
    302.94695,
    364.0994,
    292.85218,
    403.43557,
    302.94695,
    364.0994,
    292.85218,
    403.43557,
    302.94695,
    364.0994,
    292.85218,
    403.43557,
    302.94695,
    364.0994,
    292.85218
  ],
  "0.97": [
    403.43557,
    302.94695,
    364.0994,
    292.85218,
    403.43557,
    302.94695,
    364.0994,
    292.85218,
    403.43557,
    302.94695,
    364.0994,
    292.85218,
    403.43557,
    302.94695,
    364.0994,
    292.85218
  ],
  "0.98": [
    403.43557,
    302.94695,
    364.0994,
    292.85218,
    403.43557,
    302.94695,
    364.0994,
    292.85218,
    403.43557,
    302.94695,
    364.0994,
    292.85218,
    403.43557,
    302.94695,
    364.0994,
    292.85218
  ],
  "0.99": []
}
,"FMC":
{
  "0.9": [],
  "0.94": [],
  "0.95": [],
  "0.96": [],
  "0.97": [],
  "0.98": [],
  "0.99": []
}
}
