{

"AMPL":
{
  "3": [
    320.93557,
    290.45664999999997,
    220.44695000000002,
    281.5994,
    290.45664999999997,
    220.44695000000002,
    281.5994,
    320.93557,
    290.45664999999997,
    220.44695000000002,
    295.79595,
    281.5994,
    320.93557,
    290.45664999999997,
    220.44695000000002,
    295.79595,
    281.5994
  ],
  "5": [
    220.44695000000002,
    281.5994,
    320.93557,
    220.44695000000002,
    281.5994,
    220.44695000000002,
    281.5994,
    320.93557,
    220.44695000000002,
    281.5994
  ],
  "10": [
    220.44695000000002,
    320.46684,
    220.44695000000002,
    281.5994,
    320.46684,
    220.44695000000002,
    281.5994
  ],
  "15": [
    220.44695000000002
  ],
  "1000": [
    237.96684,
    213.87013000000002,
    201.30032,
    219.20943,
    211.39508999999998,
    237.96684,
    213.87013000000002,
    201.30032,
    219.20943,
    211.39508999999998,
    237.96684,
    213.87013000000002,
    201.30032,
    219.20943,
    211.39508999999998,
    237.96684,
    213.87013000000002,
    201.30032,
    219.20943,
    211.39508999999998
  ]
}
,"impr-1":
{
  "3": [
    220.44695000000002,
    220.44695000000002,
    220.44695000000002,
    220.44695000000002
  ],
  "5": [
    220.44695000000002,
    320.93557,
    290.45664999999997,
    220.44695000000002,
    281.5994,
    220.44695000000002,
    281.5994,
    220.44695000000002
  ],
  "10": [
    320.46684,
    296.37013,
    220.44695000000002,
    301.70943,
    293.89509,
    320.46684,
    296.37013,
    220.44695000000002,
    301.70943,
    293.89509,
    320.46684,
    296.37013,
    283.80032,
    301.70943,
    293.89509,
    327.15344,
    296.37013,
    220.44695000000002,
    308.09164,
    293.89509
  ],
  "15": [
    327.15344,
    296.37013,
    220.44695000000002,
    308.09164,
    293.89509,
    327.15344,
    296.37013,
    220.44695000000002,
    308.09164,
    293.89509,
    320.46684,
    296.37013,
    283.80032,
    301.70943,
    293.89509,
    320.46684,
    296.37013,
    283.80032,
    301.70943,
    293.89509
  ],
  "1000": [
    320.46684,
    296.37013,
    283.80032,
    301.70943,
    293.89509,
    320.46684,
    296.37013,
    283.80032,
    301.70943,
    293.89509,
    320.46684,
    296.37013,
    283.80032,
    301.70943,
    293.89509,
    320.46684,
    296.37013,
    283.80032,
    301.70943,
    293.89509
  ]
}
,"FMC":
{
  "3": [],
  "5": [],
  "10": [
    371.6659033333333,
    365.9174233333333,
    340.7728133333333,
    334.33072333333337,
    348.71522999999996
  ],
  "15": [
    370.88081,
    362.77705000000003,
    339.98771999999997,
    331.19034999999997,
    346.35994999999997,
    370.4882633333333,
    361.20686333333333,
    339.5951733333333,
    329.6201633333333,
    345.18231,
    369.70317,
    349.23419,
    336.06225333333333,
    325.1058766666667,
    342.0419366666667,
    371.6659033333333,
    365.9174233333333,
    340.7728133333333,
    334.33072333333337,
    348.71522999999996
  ],
  "1000": [
    370.88081,
    362.77705000000003,
    339.98771999999997,
    331.19034999999997,
    346.35994999999997,
    370.4882633333333,
    361.20686333333333,
    339.5951733333333,
    329.6201633333333,
    345.18231,
    369.70317,
    349.23419,
    336.06225333333333,
    325.1058766666667,
    342.0419366666667,
    371.6659033333333,
    365.9174233333333,
    340.7728133333333,
    334.33072333333337,
    348.71522999999996
  ]
}

}
